1043374545,,Collectibles
1043374545,,Decorative 
1043374545,,Decorative by Brand
1043374545,,Christopher Radko
1043397459,,Collectibles
1043397459,,Decorative 
1043397459,,Decorative by Brand
1043397459,,Enesco
1043397459,,Precious Moments
1043402767,,Collectibles
1043402767,,Decorative 
1043402767,,Decorative by Brand
1043402767,,Enesco
1043402767,,Precious Moments
1043402785,,Collectibles
1043402785,,Decorative 
1043402785,,Decorative by Brand
1043402785,,Enesco
1043402785,,Other Enesco Items
1043495702,,Collectibles
1043495702,,Decorative 
1043495702,,Decorative by Brand
1043495702,,Enesco
1043495702,,Precious Moments
1043506302,,Collectibles
1043506302,,Decorative 
1043506302,,Decorative by Brand
1043506302,,Dreamsicles
1043562035,,Collectibles
1043562035,,Decorative 
1043562035,,Decorative by Brand
1043562035,,Dreamsicles
1043565691,,Collectibles
1043565691,,Autographs, Paper 
1043565691,,Paper
1043565691,,Ephemera
1043608482,,Collectibles
1043608482,,Decorative 
1043608482,,Decorative by Brand
1043608482,,Hallmark
1043608482,,Miniature Ornaments
1043650580,,Collectibles
1043650580,,Decorative 
1043650580,,Decorative by Brand
1043650580,,Avon
1043650580,,Other Avon Items
1043747228,,Collectibles
1043747228,,Housewares 
1043747228,,Barware
1043747228,,Other Barware
1043749860,,Collectibles
1043749860,,Pop Culture
1043749860,,Comics
1043749860,,Silver Age (1956-69)
1043749860,,Horror, Sci-Fi
1043817906,,Collectibles
1043817906,,Housewares 
1043817906,,Bottles: Antique (Pre-1900)
1043817906,,Medicines, Cures
1043899828,,Collectibles
1043899828,,Decorative 
1043899828,,Decorative by Brand
1043899828,,Enesco
1043899828,,Precious Moments
1043930362,,Collectibles
1043930362,,Pop Culture
1043930362,,Comics
1043930362,,Modern Age (1980-Now)
1043930362,,Alternative, Underground
1043937480,,Collectibles
1043937480,,Decorative 
1043937480,,Decorative by Brand
1043937480,,Enesco
1043937480,,Mary's Moo Moos
1043987329,,Collectibles
1043987329,,Pop Culture
1043987329,,Comics
1043987329,,Silver Age (1956-69)
1043987329,,Superhero
1044027229,,Collectibles
1044027229,,Art, Animation 
1044027229,,Photographic Images
1044027229,,Contemporary (1940-Now)
1044027229,,Celebrity
1044027229,,Other
1044042244,,Collectibles
1044042244,,Pop Culture
1044042244,,Comics
1044042244,,Golden Age (1938-55)
1044042244,,Westerns
1044078197,,Collectibles
1044078197,,Housewares 
1044078197,,Kitchenware
1044078197,,Other Kitchenware
1044100897,,Collectibles
1044100897,,Pop Culture
1044100897,,Comics
1044100897,,Silver Age (1956-69)
1044100897,,Superhero
1044104207,,Collectibles
1044104207,,Pop Culture
1044104207,,Comics
1044104207,,Silver Age (1956-69)
1044104207,,Classics Illustrated
1044107651,,Collectibles
1044107651,,Housewares 
1044107651,,Kitchenware
1044107651,,Salt, Pepper Shakers
1044107651,,Range Sets
1044123448,,Collectibles
1044123448,,Decorative 
1044123448,,Decorative by Brand
1044123448,,Avon
1044123448,,Decanters
1044154993,,Collectibles
1044154993,,Housewares 
1044154993,,Kitchenware
1044154993,,Cookie Jars
1044154993,,Modern (1970-Now)
1044160600,,Collectibles
1044160600,,Housewares 
1044160600,,Kitchenware
1044160600,,Other Kitchenware
1044214000,,Collectibles
1044214000,,Decorative 
1044214000,,Decorative by Brand
1044214000,,Franklin Mint
1044214000,,Other Franklin Mint Items
1044269494,,Collectibles
1044269494,,Decorative 
1044269494,,Decorative by Brand
1044269494,,Hallmark
1044269494,,Miniature Ornaments
1044271868,,Collectibles
1044271868,,Decorative 
1044271868,,Decorative by Brand
1044271868,,Knowles Collector Plates
1044279832,,Collectibles
1044279832,,Housewares 
1044279832,,Barware
1044279832,,Ice Buckets
1044285284,,Collectibles
1044285284,,Housewares 
1044285284,,Kitchenware
1044285284,,Mugs
1044297318,,Collectibles
1044297318,,Decorative 
1044297318,,Decorative by Brand
1044297318,,Avon
1044297318,,Other Avon Items
1044300051,,Collectibles
1044300051,,Housewares 
1044300051,,Kitchenware
1044300051,,Other Kitchenware
1044334640,,Collectibles
1044334640,,Autographs, Paper 
1044334640,,Paper
1044334640,,Ephemera
1044348163,,Collectibles
1044348163,,Pop Culture
1044348163,,Comics
1044348163,,Magazines
1044348163,,Other Magazines
1044361617,,Collectibles
1044361617,,Pop Culture
1044361617,,Comics
1044361617,,Modern Age (1980-Now)
1044361617,,Superhero
1044363196,,Collectibles
1044363196,,Decorative 
1044363196,,Decorative by Brand
1044363196,,ANRI
1044367519,,Collectibles
1044367519,,Pop Culture
1044367519,,Comics
1044367519,,Silver Age (1956-69)
1044367519,,Superhero
1044387921,,Collectibles
1044387921,,Furnishings, Knives 
1044387921,,Clocks
1044387921,,Antique (Pre-1930)
1044387921,,Shelf
1044389855,,Collectibles
1044389855,,Decorative 
1044389855,,Decorative by Brand
1044389855,,Christopher Radko
1044392363,,Collectibles
1044392363,,Housewares 
1044392363,,Kitchenware
1044392363,,Cookie Jars
1044392363,,Modern (1970-Now)
1044407002,,Collectibles
1044407002,,Decorative 
1044407002,,Decorative by Brand
1044407002,,Lladro
1044407002,,Figurines
1044412792,,Collectibles
1044412792,,Housewares 
1044412792,,Bottles: Antique (Pre-1900)
1044412792,,Fruit Jars
1044417566,,Collectibles
1044417566,,Pop Culture
1044417566,,Comics
1044417566,,Collections
1044429906,,Collectibles
1044429906,,Pop Culture
1044429906,,Comics
1044429906,,Silver Age (1956-69)
1044429906,,Horror, Sci-Fi
1044448350,,Collectibles
1044448350,,Pop Culture
1044448350,,Comics
1044448350,,Modern Age (1980-Now)
1044448350,,Alternative, Underground
1044458000,,Collectibles
1044458000,,Decorative 
1044458000,,Decorative by Brand
1044458000,,Dept 56
1044458000,,Other Dept 56 Items
1044517180,,Collectibles
1044517180,,Advertising
1044517180,,Cars
1044517180,,American
1044517180,,Buick
1044520426,,Collectibles
1044520426,,Housewares 
1044520426,,Kitchenware
1044520426,,Cookie Cutters
1044521948,,Collectibles
1044521948,,Decorative 
1044521948,,Decorative by Brand
1044521948,,Hallmark
1044521948,,Ornaments
1044527090,,Collectibles
1044527090,,Decorative 
1044527090,,Decorative by Brand
1044527090,,Hallmark
1044527090,,Miniature Ornaments
1044553439,,Collectibles
1044553439,,Autographs, Paper 
1044553439,,Paper
1044553439,,Ephemera
1044575304,,Collectibles
1044575304,,Decorative 
1044575304,,Decorative by Brand
1044575304,,Enesco
1044575304,,Pretty as a Picture
1044583004,,Collectibles
1044583004,,Housewares 
1044583004,,Barware
1044583004,,Corkscrews
1044589232,,Collectibles
1044589232,,Housewares 
1044589232,,Kitchenware
1044589232,,Other Kitchenware
1044589406,,Collectibles
1044589406,,Housewares 
1044589406,,Kitchenware
1044589406,,Other Kitchenware
1044638123,,Collectibles
1044638123,,Pop Culture
1044638123,,Comics
1044638123,,Modern Age (1980-Now)
1044638123,,Superhero
1044638749,,Collectibles
1044638749,,Pop Culture
1044638749,,Comics
1044638749,,Original Comic Art
1044638749,,Paintings
1044650862,,Collectibles
1044650862,,Housewares 
1044650862,,Kitchenware
1044650862,,Cookie Cutters
1044652547,,Collectibles
1044652547,,Pop Culture
1044652547,,Comics
1044652547,,Modern Age (1980-Now)
1044652547,,Cartoon Character
1044670345,,Collectibles
1044670345,,Decorative 
1044670345,,Decorative by Brand
1044670345,,Harmony Kingdom
1044677094,,Collectibles
1044677094,,Decorative 
1044677094,,Decorative by Brand
1044677094,,Avon
1044677094,,Bottles
1044682407,,Collectibles
1044682407,,Pop Culture
1044682407,,Comics
1044682407,,Graphic Novels, TPBs
1044688877,,Collectibles
1044688877,,Autographs, Paper 
1044688877,,Paper
1044688877,,Ephemera
1044689408,,Collectibles
1044689408,,Decorative 
1044689408,,Decorative by Brand
1044689408,,Enesco
1044689408,,Precious Moments
1044698086,,Collectibles
1044698086,,Pop Culture
1044698086,,Comics
1044698086,,Full Runs
1044704534,,Collectibles
1044704534,,Pop Culture
1044704534,,Comics
1044704534,,International
1044704534,,UK
1044707198,,Collectibles
1044707198,,Decorative 
1044707198,,Decorative by Brand
1044707198,,Dept 56
1044707198,,Dickens Village
1044709075,,Collectibles
1044709075,,Decorative 
1044709075,,Decorative by Brand
1044709075,,Dept 56
1044709075,,Alpine Village
1044725095,,Collectibles
1044725095,,Decorative 
1044725095,,Decorative by Brand
1044725095,,David Winter
1044730246,,Collectibles
1044730246,,Decorative 
1044730246,,Decorative by Brand
1044730246,,Dept 56
1044730246,,Snow Village
1044731826,,Collectibles
1044731826,,Decorative 
1044731826,,Decorative by Brand
1044731826,,Dept 56
1044731826,,North Pole
1044753275,,Collectibles
1044753275,,Decorative 
1044753275,,Decorative by Brand
1044753275,,Avon
1044753275,,Bells
1044760560,,Collectibles
1044760560,,Decorative 
1044760560,,Decorative by Brand
1044760560,,Norman Rockwell
1044760560,,Collector Plates
1044766839,,Collectibles
1044766839,,Decorative 
1044766839,,Decorative by Brand
1044766839,,Duncan Royale
1044769132,,Collectibles
1044769132,,Decorative 
1044769132,,Decorative by Brand
1044769132,,Swarovski
1044769132,,Figurines
1044771169,,Collectibles
1044771169,,Decorative 
1044771169,,Decorative by Brand
1044771169,,Bradford Exchange
1044771169,,Collector Plates
1044772419,,Collectibles
1044772419,,Decorative 
1044772419,,Decorative by Brand
1044772419,,Avon
1044772419,,Other Avon Items
1044774869,,Collectibles
1044774869,,Housewares 
1044774869,,Textiles
1044774869,,Bed 
1044774869,,Bedspreads
1044780959,,Collectibles
1044780959,,Pop Culture
1044780959,,Comics
1044780959,,Silver Age (1956-69)
1044780959,,Superhero
1044789966,,Collectibles
1044789966,,Housewares 
1044789966,,Bottles: Modern (1900-Now)
1044789966,,Milk
1044790001,,Collectibles
1044790001,,Decorative 
1044790001,,Decorative by Brand
1044790001,,Enesco
1044790001,,Cherished Teddies
1044790439,,Collectibles
1044790439,,Housewares 
1044790439,,Kitchenware
1044790439,,Bakeware
1044797607,,Collectibles
1044797607,,Housewares 
1044797607,,Kitchenware
1044797607,,Cookie Jars
1044797607,,Modern (1970-Now)
1044804097,,Collectibles
1044804097,,Decorative 
1044804097,,Decorative by Brand
1044804097,,Enesco
1044804097,,Other Enesco Items
1044808556,,Collectibles
1044808556,,Decorative 
1044808556,,Decorative by Brand
1044808556,,Enesco
1044808556,,Precious Moments
1044809898,,Collectibles
1044809898,,Decorative 
1044809898,,Decorative by Brand
1044809898,,Enesco
1044809898,,Precious Moments
1044813117,,Collectibles
1044813117,,Autographs, Paper 
1044813117,,Paper
1044813117,,Ephemera
1044819242,,Collectibles
1044819242,,Pop Culture
1044819242,,Comics
1044819242,,Silver Age (1956-69)
1044819242,,Other Silver Age
1044820175,,Clothing 
1044820175,,Boys
1044820175,,Clothing
1044820175,,Boys (Sz 8 and up)
1044820175,,Tops 
1044831955,,Collectibles
1044831955,,Housewares 
1044831955,,Textiles
1044831955,,Curtains, Draperies
1044843918,,Collectibles
1044843918,,Decorative 
1044843918,,Decorative by Brand
1044843918,,Flambro
1044846301,,Collectibles
1044846301,,Decorative 
1044846301,,Decorative by Brand
1044846301,,Bradford Exchange
1044846301,,Collector Plates
1044846316,,Collectibles
1044846316,,Decorative 
1044846316,,Decorative by Brand
1044846316,,Dept 56
1044846316,,Dickens Village
1044847509,,Collectibles
1044847509,,Decorative 
1044847509,,Decorative by Brand
1044847509,,Swarovski
1044847509,,Ornaments
1044848909,,Collectibles
1044848909,,Autographs, Paper 
1044848909,,Paper
1044848909,,Ephemera
1044849628,,Collectibles
1044849628,,Decorative 
1044849628,,Decorative by Brand
1044849628,,Christopher Radko
1044850586,,Collectibles
1044850586,,Pop Culture
1044850586,,Comics
1044850586,,Silver Age (1956-69)
1044850586,,Horror, Sci-Fi
1044853098,,Collectibles
1044853098,,Decorative 
1044853098,,Decorative by Brand
1044853098,,Duncan Royale
1044855059,,Collectibles
1044855059,,Pop Culture
1044855059,,Comics
1044855059,,Silver Age (1956-69)
1044855059,,Superhero
1044855531,,Collectibles
1044855531,,Decorative 
1044855531,,Decorative by Brand
1044855531,,Enesco
1044855531,,Cherished Teddies
1044861783,,Collectibles
1044861783,,Pop Culture
1044861783,,Magic
1044861783,,Books
1044863124,,Collectibles
1044863124,,Decorative 
1044863124,,Decorative by Brand
1044863124,,Enesco
1044863124,,Precious Moments
1044863839,,Collectibles
1044863839,,Decorative 
1044863839,,Decorative by Brand
1044863839,,Christopher Radko
1044864736,,Collectibles
1044864736,,Pop Culture
1044864736,,Comics
1044864736,,Figurines
1044864943,,Collectibles
1044864943,,Decorative 
1044864943,,Decorative by Brand
1044864943,,Christopher Radko
1044880223,,Collectibles
1044880223,,Decorative 
1044880223,,Decorative by Brand
1044880223,,Dept 56
1044880223,,New England Village
1044880929,,Collectibles
1044880929,,Pop Culture
1044880929,,Comics
1044880929,,Silver Age (1956-69)
1044880929,,Superhero
1044884674,,Collectibles
1044884674,,Pop Culture
1044884674,,Comics
1044884674,,Modern Age (1980-Now)
1044884674,,Movie, TV
1044884849,,Collectibles
1044884849,,Decorative 
1044884849,,Decorative by Brand
1044884849,,Enesco
1044884849,,Precious Moments
1044896146,,Collectibles
1044896146,,Decorative 
1044896146,,Decorative by Brand
1044896146,,Dept 56
1044896146,,Snowbabies
1044896485,,Collectibles
1044896485,,Decorative 
1044896485,,Decorative by Brand
1044896485,,Royal Doulton
1044896485,,Collector Plates
1044897718,,Collectibles
1044897718,,Decorative 
1044897718,,Decorative by Brand
1044897718,,Bradford Exchange
1044897718,,Collector Plates
1044908245,,Collectibles
1044908245,,Housewares 
1044908245,,Shaving
1044910123,,Collectibles
1044910123,,Pop Culture
1044910123,,Comics
1044910123,,Bronze Age (1970-79)
1044910123,,Superhero
1044913099,,Collectibles
1044913099,,Pop Culture
1044913099,,Comics
1044913099,,Magazines
1044913099,,Other Magazines
1044914830,,Collectibles
1044914830,,Pop Culture
1044914830,,Comics
1044914830,,Graphic Novels, TPBs
1044917206,,Clothing 
1044917206,,Men
1044917206,,Clothing: Big 
1044917206,,Shirts
1044917206,,T-Shirts, Tank Tops
1044923263,,Collectibles
1044923263,,Decorative 
1044923263,,Decorative by Brand
1044923263,,Dept 56
1044923263,,Dickens Village
1044938750,,Collectibles
1044938750,,Housewares 
1044938750,,Metalware
1044938750,,Chrome
1044942087,,Collectibles
1044942087,,Decorative 
1044942087,,Decorative by Brand
1044942087,,Bradford Exchange
1044942087,,Collector Plates
1044942715,,Collectibles
1044942715,,Decorative 
1044942715,,Decorative by Brand
1044942715,,Limoges
1044942715,,Trinket Boxes
1044943868,,Collectibles
1044943868,,Decorative 
1044943868,,Decorative by Brand
1044943868,,Dept 56
1044943868,,Alpine Village
1044944674,,Collectibles
1044944674,,Decorative 
1044944674,,Decorative by Brand
1044944674,,Christopher Radko
1044948773,,Collectibles
1044948773,,Decorative 
1044948773,,Decorative by Brand
1044948773,,Enesco
1044948773,,Precious Moments
1044953624,,Collectibles
1044953624,,Pop Culture
1044953624,,Comics
1044953624,,Golden Age (1938-55)
1044953624,,Superhero
1044954717,,Collectibles
1044954717,,Housewares 
1044954717,,Textiles
1044954717,,Quilts
1044955341,,Collectibles
1044955341,,Decorative 
1044955341,,Decorative by Brand
1044955341,,Hummel, Goebel
1044955341,,Ornaments
1044968142,,Collectibles
1044968142,,Pop Culture
1044968142,,Promo Glasses
1044968489,,Collectibles
1044968489,,Housewares 
1044968489,,Textiles
1044968489,,Rugs
1044970243,,Collectibles
1044970243,,Housewares 
1044970243,,Kitchenware
1044970243,,Other Kitchenware
1044982114,,Collectibles
1044982114,,Pop Culture
1044982114,,Comics
1044982114,,Golden Age (1938-55)
1044982114,,Superhero
1044988356,,Collectibles
1044988356,,Decorative 
1044988356,,Decorative by Brand
1044988356,,Enesco
1044988356,,Precious Moments
1044993053,,Collectibles
1044993053,,Decorative 
1044993053,,Decorative by Brand
1044993053,,Hallmark
1044993053,,Miniature Ornaments
1044995614,,Collectibles
1044995614,,Housewares 
1044995614,,Textiles
1044995614,,Quilts
1044996076,,Collectibles
1044996076,,Decorative 
1044996076,,Decorative by Brand
1044996076,,Enesco
1044996076,,Memories of Yesterday
1044999719,,Collectibles
1044999719,,Decorative 
1044999719,,Decorative by Brand
1044999719,,Dept 56
1044999719,,Snow Village
1045001090,,Collectibles
1045001090,,Decorative 
1045001090,,Decorative by Brand
1045001090,,Enesco
1045001090,,Precious Moments
1045003409,,Collectibles
1045003409,,Housewares 
1045003409,,Kitchenware
1045003409,,Cookie Cutters
1045005815,,Collectibles
1045005815,,Pop Culture
1045005815,,Comics
1045005815,,Figurines
1045013883,,Collectibles
1045013883,,Pop Culture
1045013883,,Comics
1045013883,,Modern Age (1980-Now)
1045013883,,Cartoon Character
1045014297,,Collectibles
1045014297,,Decorative 
1045014297,,Decorative by Brand
1045014297,,Enesco
1045014297,,Cherished Teddies
1045014900,,Collectibles
1045014900,,Housewares 
1045014900,,Tableware
1045014900,,Other Tableware
1045017350,,Clothing 
1045017350,,Men
1045017350,,Accessories
1045017350,,Hats
1045020620,,Collectibles
1045020620,,Decorative 
1045020620,,Decorative by Brand
1045020620,,Dept 56
1045020620,,North Pole
1045021816,,Collectibles
1045021816,,Pop Culture
1045021816,,Comics
1045021816,,Modern Age (1980-Now)
1045021816,,Cartoon Character
1045023344,,Collectibles
1045023344,,Decorative 
1045023344,,Decorative by Brand
1045023344,,Enesco
1045023344,,Precious Moments
1045023664,,Movies 
1045023664,,Memorabilia
1045023664,,Theater
1045023664,,Posters
1045028393,,Collectibles
1045028393,,Decorative 
1045028393,,Decorative by Brand
1045028393,,Hallmark
1045028393,,Ornaments
1045028764,,Collectibles
1045028764,,Decorative 
1045028764,,Decorative by Brand
1045028764,,Hallmark
1045028764,,Ornaments
1045032333,,Collectibles
1045032333,,Decorative 
1045032333,,Decorative by Brand
1045032333,,Dept 56
1045032333,,Heritage Village
1045033048,,Collectibles
1045033048,,Decorative 
1045033048,,Decorative by Brand
1045033048,,Enesco
1045033048,,Other Enesco Items
1045034546,,Collectibles
1045034546,,Decorative 
1045034546,,Decorative by Brand
1045034546,,Lefton Figurines
1045034667,,Collectibles
1045034667,,Pop Culture
1045034667,,Comics
1045034667,,Golden Age (1938-55)
1045034667,,Superhero
1045036517,,Collectibles
1045036517,,Decorative 
1045036517,,Decorative by Brand
1045036517,,Hallmark
1045036517,,Ornaments
1045041605,,Collectibles
1045041605,,Decorative 
1045041605,,Decorative by Brand
1045041605,,Dept 56
1045041605,,New England Village
1045048091,,Collectibles
1045048091,,Decorative 
1045048091,,Decorative by Brand
1045048091,,Armani
1045048202,,Collectibles
1045048202,,Decorative 
1045048202,,Decorative by Brand
1045048202,,Armani
1045080370,,Collectibles
1045080370,,Housewares 
1045080370,,Bottles: Antique (Pre-1900)
1045080370,,Other Antique Bottles
1045080937,,Collectibles
1045080937,,Pop Culture
1045080937,,Magic
1045080937,,Other Magic Items
1045090378,,Collectibles
1045090378,,Decorative 
1045090378,,Decorative by Brand
1045090378,,Harmony Kingdom
1045100798,,Collectibles
1045100798,,Decorative 
1045100798,,Decorative by Brand
1045100798,,Enesco
1045100798,,Precious Moments
1045102327,,Collectibles
1045102327,,Housewares 
1045102327,,Kitchenware
1045102327,,Cookie Jars
1045102327,,Modern (1970-Now)
1045104966,,Collectibles
1045104966,,Decorative 
1045104966,,Decorative by Brand
1045104966,,Hallmark
1045104966,,Ornaments
1045107350,,Collectibles
1045107350,,Historical Memorabilia
1045107350,,Firefighting
1045107350,,Shirts
1045110355,,Collectibles
1045110355,,Decorative 
1045110355,,Decorative by Brand
1045110355,,Enesco
1045110355,,Precious Moments
1045111305,,Collectibles
1045111305,,Decorative 
1045111305,,Decorative by Brand
1045111305,,Dept 56
1045111305,,Dickens Village
1045114383,,Collectibles
1045114383,,Decorative 
1045114383,,Decorative by Brand
1045114383,,Franklin Mint
1045114383,,Figurines
1045122521,,Collectibles
1045122521,,Decorative 
1045122521,,Decorative by Brand
1045122521,,Dept 56
1045122521,,New England Village
1045125403,,Collectibles
1045125403,,Decorative 
1045125403,,Decorative by Brand
1045125403,,Dept 56
1045125403,,Snowbabies
1045125754,,Collectibles
1045125754,,Decorative 
1045125754,,Decorative by Brand
1045125754,,Hallmark
1045125754,,Ornaments
1045128766,,Collectibles
1045128766,,Decorative 
1045128766,,Decorative by Brand
1045128766,,Dept 56
1045128766,,Snow Village
1045130515,,Collectibles
1045130515,,Decorative 
1045130515,,Decorative by Brand
1045130515,,Enesco
1045130515,,Precious Moments
1045138555,,Collectibles
1045138555,,Decorative 
1045138555,,Decorative by Brand
1045138555,,Charming Tails
1045139541,,Collectibles
1045139541,,Decorative 
1045139541,,Decorative by Brand
1045139541,,Bing 
1045143944,,Collectibles
1045143944,,Decorative 
1045143944,,Decorative by Brand
1045143944,,Enesco
1045143944,,Precious Moments
1045147623,,Collectibles
1045147623,,Autographs, Paper 
1045147623,,Paper
1045147623,,Ephemera
1045154238,,Collectibles
1045154238,,Decorative 
1045154238,,Decorative by Brand
1045154238,,Bradford Exchange
1045154238,,Collector Plates
1045157743,,Sports
1045157743,,Memorabilia
1045157743,,Golf-Other
1045164703,,Collectibles
1045164703,,Decorative 
1045164703,,Decorative by Brand
1045164703,,Dept 56
1045164703,,Snow Village
1045165699,,Collectibles
1045165699,,Decorative 
1045165699,,Decorative by Brand
1045165699,,Avon
1045165699,,Other Avon Items
1045170563,,Collectibles
1045170563,,Decorative 
1045170563,,Decorative by Brand
1045170563,,Avon
1045170563,,Bottles
1045175503,,Collectibles
1045175503,,Decorative 
1045175503,,Decorative by Brand
1045175503,,Enesco
1045175503,,Other Enesco Items
1045178271,,Collectibles
1045178271,,Pop Culture
1045178271,,Science Fiction
1045178271,,Star Wars
1045180169,,Clothing 
1045180169,,Women
1045180169,,Intimates
1045180169,,Slips
1045180870,,Collectibles
1045180870,,Housewares 
1045180870,,Metalware
1045180870,,Brass
1045181453,,Collectibles
1045181453,,Decorative 
1045181453,,Decorative by Brand
1045181453,,Franklin Mint
1045181453,,Other Franklin Mint Items
1045186593,,Collectibles
1045186593,,Decorative 
1045186593,,Decorative by Brand
1045186593,,Avon
1045186593,,Other Avon Items
1045188109,,Collectibles
1045188109,,Decorative 
1045188109,,Decorative by Brand
1045188109,,Danbury Mint
1045188109,,Figurines
1045188547,,Collectibles
1045188547,,Decorative 
1045188547,,Decorative by Brand
1045188547,,Dept 56
1045188547,,North Pole
1045195481,,Collectibles
1045195481,,Decorative 
1045195481,,Decorative by Brand
1045195481,,Dept 56
1045195481,,Snowbabies
1045196855,,Collectibles
1045196855,,Decorative 
1045196855,,Decorative by Brand
1045196855,,Harmony Kingdom
1045212403,,Collectibles
1045212403,,Pop Culture
1045212403,,Comics
1045212403,,Magazines
1045212403,,Heavy Metal
1045218059,,Collectibles
1045218059,,Housewares 
1045218059,,Textiles
1045218059,,Fabric
1045218598,,Collectibles
1045218598,,Decorative 
1045218598,,Decorative by Brand
1045218598,,Enesco
1045218598,,Other Enesco Items
1045221605,,Collectibles
1045221605,,Decorative 
1045221605,,Decorative by Brand
1045221605,,ANRI
1045224300,,Collectibles
1045224300,,Housewares 
1045224300,,Barware
1045224300,,Shot Glasses
1045231642,,Clothing 
1045231642,,Boys
1045231642,,Clothing
1045231642,,Boys (Sz 8 and up)
1045231642,,Outwear
1045233300,,Collectibles
1045233300,,Decorative 
1045233300,,Decorative by Brand
1045233300,,Hallmark
1045233300,,Series Ornaments
1045233442,,Collectibles
1045233442,,Housewares 
1045233442,,Barware
1045233442,,Pourers, Stoppers
1045234402,,Collectibles
1045234402,,Pop Culture
1045234402,,Comics
1045234402,,Platinum Age (1897-1937)
1045234819,,Collectibles
1045234819,,Autographs, Paper 
1045234819,,Paper
1045234819,,Ephemera
1045234876,,Collectibles
1045234876,,Decorative 
1045234876,,Decorative by Brand
1045234876,,Dreamsicles
1045237036,,Collectibles
1045237036,,Decorative 
1045237036,,Decorative by Brand
1045237036,,Dept 56
1045237036,,Snowbunnies
1045238762,,Collectibles
1045238762,,Housewares 
1045238762,,Metalware
1045238762,,Other Metalware
1045240995,,Collectibles
1045240995,,Decorative 
1045240995,,Decorative by Brand
1045240995,,Enesco
1045240995,,Precious Moments
1045241431,,Collectibles
1045241431,,Decorative 
1045241431,,Decorative by Brand
1045241431,,Hallmark
1045241431,,Series Ornaments
1045241545,,Collectibles
1045241545,,Decorative 
1045241545,,Decorative by Brand
1045241545,,Dept 56
1045241545,,Dickens Village
1045241826,,Collectibles
1045241826,,Pop Culture
1045241826,,Comics
1045241826,,Full Runs
1045246078,,Collectibles
1045246078,,Pop Culture
1045246078,,Comics
1045246078,,Bronze Age (1970-79)
1045246078,,Superhero
1045246222,,Collectibles
1045246222,,Decorative 
1045246222,,Decorative by Brand
1045246222,,Enesco
1045246222,,Pretty as a Picture
1045251618,,Collectibles
1045251618,,Decorative 
1045251618,,Decorative by Brand
1045251618,,Avon
1045251618,,Decanters
1045254741,,Movies 
1045254741,,Memorabilia
1045254741,,Theater
1045254741,,Souvenir Programs
1045258842,,Collectibles
1045258842,,Decorative 
1045258842,,Decorative by Brand
1045258842,,Enesco
1045258842,,Other Enesco Items
1045259468,,Collectibles
1045259468,,Decorative 
1045259468,,Decorative by Brand
1045259468,,Lenox
1045259468,,Other Lenox Collectibles
1045260173,,Collectibles
1045260173,,Decorative 
1045260173,,Decorative by Brand
1045260173,,Enesco
1045260173,,Precious Moments
1045261977,,Collectibles
1045261977,,Decorative 
1045261977,,Decorative by Brand
1045261977,,Hummel, Goebel
1045261977,,Figurines
1045264614,,Collectibles
1045264614,,Housewares 
1045264614,,Kitchenware
1045264614,,Trivets
1045266160,,Collectibles
1045266160,,Pop Culture
1045266160,,Comics
1045266160,,Modern Age (1980-Now)
1045266160,,Superhero
1045266709,,Collectibles
1045266709,,Pop Culture
1045266709,,Comics
1045266709,,Figurines
1045268293,,Collectibles
1045268293,,Housewares 
1045268293,,Barware
1045268293,,Coasters
1045269489,,Collectibles
1045269489,,Decorative 
1045269489,,Decorative by Brand
1045269489,,Dept 56
1045269489,,Alpine Village
1045272701,,Collectibles
1045272701,,Decorative 
1045272701,,Decorative by Brand
1045272701,,Hallmark
1045272701,,Series Ornaments
1045274788,,Collectibles
1045274788,,Autographs, Paper 
1045274788,,Paper
1045274788,,Ephemera
1045275048,,Collectibles
1045275048,,Pop Culture
1045275048,,Comics
1045275048,,Silver Age (1956-69)
1045275048,,Horror, Sci-Fi
1045278747,,Collectibles
1045278747,,Decorative 
1045278747,,Decorative by Brand
1045278747,,Dreamsicles
1045279551,,Collectibles
1045279551,,Decorative 
1045279551,,Decorative by Brand
1045279551,,Hallmark
1045279551,,Ornaments
1045280711,,Collectibles
1045280711,,Pop Culture
1045280711,,Comics
1045280711,,Golden Age (1938-55)
1045280711,,Horror, Sci-Fi
1045282425,,Collectibles
1045282425,,Decorative 
1045282425,,Decorative by Brand
1045282425,,Danbury Mint
1045282425,,Collector Plates
1045284904,,Collectibles
1045284904,,Decorative 
1045284904,,Decorative by Brand
1045284904,,Dept 56
1045284904,,Snow Village
1045288166,,Collectibles
1045288166,,Housewares 
1045288166,,Bottles: Modern (1900-Now)
1045288166,,Other Modern Bottles
1045291850,,Collectibles
1045291850,,Decorative 
1045291850,,Decorative by Brand
1045291850,,Avon
1045291850,,Other Avon Items
1045298651,,Collectibles
1045298651,,Decorative 
1045298651,,Decorative by Brand
1045298651,,Hallmark
1045298651,,Ornaments
1045299503,,Collectibles
1045299503,,Decorative 
1045299503,,Decorative by Brand
1045299503,,Enesco
1045299503,,Precious Moments
1045299669,,Collectibles
1045299669,,Housewares 
1045299669,,Textiles
1045299669,,Lace, Crochet, Doilies
1045301128,,Collectibles
1045301128,,Decorative 
1045301128,,Decorative by Brand
1045301128,,Dept 56
1045301128,,Other Dept 56 Items
1045301946,,Collectibles
1045301946,,Decorative 
1045301946,,Decorative by Brand
1045301946,,Dept 56
1045301946,,Dickens Village
1045302047,,Collectibles
1045302047,,Decorative 
1045302047,,Decorative by Brand
1045302047,,Hallmark
1045302047,,Ornaments
1045302410,,Collectibles
1045302410,,Decorative 
1045302410,,Decorative by Brand
1045302410,,HOMCO
1045302453,,Collectibles
1045302453,,Decorative 
1045302453,,Decorative by Brand
1045302453,,Limoges
1045302453,,Other Limoges Collectibles
1045304791,,Collectibles
1045304791,,Decorative 
1045304791,,Decorative by Brand
1045304791,,Josef
1045307826,,Collectibles
1045307826,,Housewares 
1045307826,,Kitchenware
1045307826,,Cookie Cutters
1045307931,,Collectibles
1045307931,,Decorative 
1045307931,,Decorative by Brand
1045307931,,Enesco
1045307931,,Precious Moments
1045308478,,Collectibles
1045308478,,Pop Culture
1045308478,,Comics
1045308478,,Golden Age (1938-55)
1045308478,,Romance
1045310980,,Collectibles
1045310980,,Decorative 
1045310980,,Decorative by Brand
1045310980,,Hallmark
1045310980,,Ornaments
1045314191,,Collectibles
1045314191,,Decorative 
1045314191,,Decorative by Brand
1045314191,,HOMCO
1045314314,,Collectibles
1045314314,,Pop Culture
1045314314,,Trading Cards
1045314314,,Science Fiction
1045314314,,Other Sci-Fi
1045317455,,Collectibles
1045317455,,Housewares 
1045317455,,Bottles: Antique (Pre-1900)
1045317455,,Other Antique Bottles
1045321693,,Clothing 
1045321693,,Men
1045321693,,Accessories
1045321693,,Backpacks, Bags
1045321773,,Collectibles
1045321773,,Housewares 
1045321773,,Barware
1045321773,,Shot Glasses
1045324904,,Collectibles
1045324904,,Historical Memorabilia
1045324904,,Firefighting
1045324904,,Shirts
1045327231,,Collectibles
1045327231,,Decorative 
1045327231,,Decorative by Brand
1045327231,,Cat's Meow Village
1045330340,,Collectibles
1045330340,,Decorative 
1045330340,,Decorative by Brand
1045330340,,Thomas Kinkade
1045330340,,Other Kinkade Collectibles
1045333202,,Collectibles
1045333202,,Housewares 
1045333202,,Kitchenware
1045333202,,Cookie Cutters
1045336733,,Collectibles
1045336733,,Decorative 
1045336733,,Decorative by Brand
1045336733,,Dreamsicles
1045341043,,Collectibles
1045341043,,Pop Culture
1045341043,,Comics
1045341043,,Graphic Novels, TPBs
1045341232,,Collectibles
1045341232,,Decorative 
1045341232,,Decorative by Brand
1045341232,,Hallmark
1045341232,,Series Ornaments
1045341471,,Collectibles
1045341471,,Housewares 
1045341471,,Metalware
1045341471,,Pewter
1045344452,,Collectibles
1045344452,,Pop Culture
1045344452,,Comics
1045344452,,Modern Age (1980-Now)
1045344452,,Alternative, Underground
1045345929,,Collectibles
1045345929,,Housewares 
1045345929,,Kitchenware
1045345929,,Cookie Cutters
1045346056,,Collectibles
1045346056,,Housewares 
1045346056,,Kitchenware
1045346056,,Other Kitchenware
1045346859,,Collectibles
1045346859,,Housewares 
1045346859,,Barware
1045346859,,Corkscrews
1045347222,,Clothing 
1045347222,,Men
1045347222,,Clothing: Regular
1045347222,,Outerwear
1045347222,,Jackets
1045347222,,Other Jackets
1045348061,,Collectibles
1045348061,,Pop Culture
1045348061,,Trading Cards
1045348061,,Science Fiction
1045348061,,Other Sci-Fi
1045350187,,Collectibles
1045350187,,Decorative 
1045350187,,Decorative by Brand
1045350187,,Lladro
1045350187,,Other Lladro Collectibles
1045350419,,Collectibles
1045350419,,Decorative 
1045350419,,Decorative by Brand
1045350419,,Lladro
1045350419,,Other Lladro Collectibles
1045351274,,Collectibles
1045351274,,Housewares 
1045351274,,Kitchenware
1045351274,,Other Kitchenware
1045351627,,Collectibles
1045351627,,Decorative 
1045351627,,Decorative by Brand
1045351627,,Enesco
1045351627,,Mary's Moo Moos
1045351652,,Collectibles
1045351652,,Decorative 
1045351652,,Decorative by Brand
1045351652,,Lladro
1045351652,,Other Lladro Collectibles
1045351826,,Collectibles
1045351826,,Pop Culture
1045351826,,Comics
1045351826,,Silver Age (1956-69)
1045351826,,Superhero
1045354249,,Collectibles
1045354249,,Pop Culture
1045354249,,Comics
1045354249,,Bronze Age (1970-79)
1045354249,,Superhero
1045358739,,Collectibles
1045358739,,Pop Culture
1045358739,,Comics
1045358739,,Modern Age (1980-Now)
1045358739,,Other Modern Age
1045360853,,Collectibles
1045360853,,Decorative 
1045360853,,Decorative by Brand
1045360853,,Avon
1045360853,,Other Avon Items
1045361037,,Collectibles
1045361037,,Housewares 
1045361037,,Kitchenware
1045361037,,Egg Cups
1045363331,,Collectibles
1045363331,,Decorative 
1045363331,,Decorative by Brand
1045363331,,HOMCO
1045365342,,Collectibles
1045365342,,Housewares 
1045365342,,Bottles: Antique (Pre-1900)
1045365342,,Fruit Jars
1045365533,,Collectibles
1045365533,,Decorative 
1045365533,,Decorative by Brand
1045365533,,Enesco
1045365533,,Precious Moments
1045367953,,Collectibles
1045367953,,Decorative 
1045367953,,Decorative by Brand
1045367953,,Dept 56
1045367953,,Snow Village
1045372296,,Collectibles
1045372296,,Housewares 
1045372296,,Bottles: Modern (1900-Now)
1045372296,,Milk
1045372371,,Collectibles
1045372371,,Decorative 
1045372371,,Decorative by Brand
1045372371,,Bradford Exchange
1045372371,,Collector Plates
1045380204,,Collectibles
1045380204,,Autographs, Paper 
1045380204,,Paper
1045380204,,Ephemera
1045382014,,Collectibles
1045382014,,Decorative 
1045382014,,Decorative by Brand
1045382014,,Avon
1045382014,,Other Avon Items
1045384231,,Collectibles
1045384231,,Decorative 
1045384231,,Decorative by Brand
1045384231,,Avon
1045384231,,Other Avon Items
1045385330,,Collectibles
1045385330,,Decorative 
1045385330,,Decorative by Brand
1045385330,,Longaberger
1045385330,,Baskets
1045387051,,Collectibles
1045387051,,Housewares 
1045387051,,Barware
1045387051,,Pourers, Stoppers
1045388760,,Collectibles
1045388760,,Decorative 
1045388760,,Decorative by Brand
1045388760,,Enesco
1045388760,,Precious Moments
1045390166,,Collectibles
1045390166,,Decorative 
1045390166,,Decorative by Brand
1045390166,,Dept 56
1045390166,,Snow Village
1045393477,,Collectibles
1045393477,,Pop Culture
1045393477,,Comics
1045393477,,Bronze Age (1970-79)
1045393477,,Superhero
1045394164,,Collectibles
1045394164,,Pop Culture
1045394164,,Comics
1045394164,,Silver Age (1956-69)
1045394164,,Westerns
1045399008,,Collectibles
1045399008,,Animals
1045399008,,Dog
1045399008,,Beagle
1045404382,,Collectibles
1045404382,,Decorative 
1045404382,,Decorative by Brand
1045404382,,Hallmark
1045404382,,Series Ornaments
1045405868,,Collectibles
1045405868,,Decorative 
1045405868,,Decorative by Brand
1045405868,,Enesco
1045405868,,Cherished Teddies
1045406109,,Collectibles
1045406109,,Decorative 
1045406109,,Decorative by Brand
1045406109,,Dept 56
1045406109,,Heritage Village
1045406821,,Collectibles
1045406821,,Housewares 
1045406821,,Kitchenware
1045406821,,Mixing Bowls
1045407232,,Collectibles
1045407232,,Pop Culture
1045407232,,Comics
1045407232,,Silver Age (1956-69)
1045407232,,Superhero
1045411293,,Collectibles
1045411293,,Decorative 
1045411293,,Decorative by Brand
1045411293,,Charming Tails
1045411403,,Collectibles
1045411403,,Housewares 
1045411403,,Kitchenware
1045411403,,Cookie Jars
1045411403,,Modern (1970-Now)
1045413526,,Collectibles
1045413526,,Decorative 
1045413526,,Decorative by Brand
1045413526,,Hallmark
1045413526,,Series Ornaments
1045413825,,Collectibles
1045413825,,Housewares 
1045413825,,Kitchenware
1045413825,,Small Appliances
1045413825,,Blenders
1045415692,,Collectibles
1045415692,,Decorative 
1045415692,,Decorative by Brand
1045415692,,Bradford Exchange
1045415692,,Collector Plates
1045416099,,Collectibles
1045416099,,Autographs, Paper 
1045416099,,Paper
1045416099,,Ephemera
1045416950,,Collectibles
1045416950,,Decorative 
1045416950,,Decorative by Brand
1045416950,,Hallmark
1045416950,,Ornaments
1045419344,,Collectibles
1045419344,,Pop Culture
1045419344,,Comics
1045419344,,Modern Age (1980-Now)
1045419344,,Alternative, Underground
1045421406,,Collectibles
1045421406,,Decorative 
1045421406,,Decorative by Brand
1045421406,,Dreamsicles
1045422574,,Collectibles
1045422574,,Housewares 
1045422574,,Kitchenware
1045422574,,Salt, Pepper Shakers
1045422574,,Other Shakers
1045425068,,Collectibles
1045425068,,Decorative 
1045425068,,Decorative by Brand
1045425068,,Enesco
1045425068,,Mary's Moo Moos
1045425542,,Collectibles
1045425542,,Housewares 
1045425542,,Barware
1045425542,,Other Barware
1045425917,,Collectibles
1045425917,,Militaria
1045425917,,Civil War (1861-65)
1045425917,,Reenactment, Repro
1045431640,,Collectibles
1045431640,,Decorative 
1045431640,,Decorative by Brand
1045431640,,Hallmark
1045431640,,Series Ornaments
1045433256,,Collectibles
1045433256,,Housewares 
1045433256,,Textiles
1045433256,,Table Linens
1045433256,,Tablecloths
1045438020,,Collectibles
1045438020,,Decorative 
1045438020,,Decorative by Brand
1045438020,,Longaberger
1045438020,,Other Longaberger Items
1045438202,,Collectibles
1045438202,,Decorative 
1045438202,,Decorative by Brand
1045438202,,Dept 56
1045438202,,North Pole
1045438837,,Collectibles
1045438837,,Decorative 
1045438837,,Decorative by Brand
1045438837,,Enesco
1045438837,,Precious Moments
1045443230,,Collectibles
1045443230,,Decorative 
1045443230,,Decorative by Brand
1045443230,,Enesco
1045443230,,Pretty as a Picture
1045447604,,Collectibles
1045447604,,Pop Culture
1045447604,,Comics
1045447604,,Modern Age (1980-Now)
1045447604,,Movie, TV
1045449303,,Collectibles
1045449303,,Housewares 
1045449303,,Barware
1045449303,,Swizzle/Stir Sticks
1045452503,,Collectibles
1045452503,,Decorative 
1045452503,,Decorative by Brand
1045452503,,Dept 56
1045452503,,Heritage Village
1045453249,,Collectibles
1045453249,,Decorative 
1045453249,,Decorative by Brand
1045453249,,Enesco
1045453249,,Precious Moments
1045456564,,Collectibles
1045456564,,Autographs, Paper 
1045456564,,Paper
1045456564,,Ephemera
1045456771,,Collectibles
1045456771,,Pop Culture
1045456771,,Comics
1045456771,,Silver Age (1956-69)
1045456771,,Other Silver Age
1045460719,,Collectibles
1045460719,,Decorative 
1045460719,,Decorative by Brand
1045460719,,Hallmark
1045460719,,Series Ornaments
1045461511,,Collectibles
1045461511,,Pop Culture
1045461511,,Comics
1045461511,,Silver Age (1956-69)
1045461511,,Superhero
1045462001,,Collectibles
1045462001,,Decorative 
1045462001,,Decorative by Brand
1045462001,,Hallmark
1045462001,,Other Hallmark Collectibles
1045463362,,Collectibles
1045463362,,Decorative 
1045463362,,Decorative by Brand
1045463362,,Enesco
1045463362,,Precious Moments
1045464047,,Collectibles
1045464047,,Decorative 
1045464047,,Decorative by Brand
1045464047,,Enesco
1045464047,,Precious Moments
1045468095,,Collectibles
1045468095,,Decorative 
1045468095,,Decorative by Brand
1045468095,,Bradford Exchange
1045468095,,Collector Plates
1045468544,,Collectibles
1045468544,,Housewares 
1045468544,,Kitchenware
1045468544,,Utensils
1045468544,,Measuring Cups, Spoons
1045468872,,Collectibles
1045468872,,Housewares 
1045468872,,Kitchenware
1045468872,,Salt, Pepper Shakers
1045468872,,Other Shakers
1045471787,,Collectibles
1045471787,,Housewares 
1045471787,,Bottles: Antique (Pre-1900)
1045471787,,Medicines, Cures
1045473268,,Collectibles
1045473268,,Pop Culture
1045473268,,Comics
1045473268,,Bronze Age (1970-79)
1045473268,,Other Bronze Age
1045473347,,Collectibles
1045473347,,Pop Culture
1045473347,,Comics
1045473347,,Bronze Age (1970-79)
1045473347,,Other Bronze Age
1045477459,,Collectibles
1045477459,,Housewares 
1045477459,,Kitchenware
1045477459,,Tupperware
1045477459,,Contemporary (1970-Now)
1045477615,,Collectibles
1045477615,,Decorative 
1045477615,,Decorative by Brand
1045477615,,Hallmark
1045477615,,Series Ornaments
1045478180,,Collectibles
1045478180,,Decorative 
1045478180,,Decorative by Brand
1045478180,,Swarovski
1045478180,,Ornaments
1045478376,,Collectibles
1045478376,,Decorative 
1045478376,,Decorative by Brand
1045478376,,Avon
1045478376,,Decanters
1045480931,,Collectibles
1045480931,,Housewares 
1045480931,,Kitchenware
1045480931,,Cookware
1045480931,,Other Cookware
1045480969,,Collectibles
1045480969,,Housewares 
1045480969,,Kitchenware
1045480969,,Cookie Jars
1045480969,,Modern (1970-Now)
1045481175,,Collectibles
1045481175,,Pop Culture
1045481175,,Comics
1045481175,,Bronze Age (1970-79)
1045481175,,Other Bronze Age
1045481434,,Collectibles
1045481434,,Decorative 
1045481434,,Decorative by Brand
1045481434,,Hallmark
1045481434,,Ornaments
1045481868,,Collectibles
1045481868,,Pop Culture
1045481868,,Comics
1045481868,,Bronze Age (1970-79)
1045481868,,Other Bronze Age
1045481985,,Collectibles
1045481985,,Housewares 
1045481985,,Kitchenware
1045481985,,Salt, Pepper Shakers
1045481985,,Other Shakers
1045483038,,Collectibles
1045483038,,Decorative 
1045483038,,Decorative by Brand
1045483038,,Dept 56
1045483038,,Dickens Village
1045483617,,Collectibles
1045483617,,Decorative 
1045483617,,Decorative by Brand
1045483617,,Charming Tails
1045485650,,Collectibles
1045485650,,Housewares 
1045485650,,Kitchenware
1045485650,,Cookware
1045485650,,Aluminum
1045486382,,Collectibles
1045486382,,Historical Memorabilia
1045486382,,Firefighting
1045486382,,Shirts
1045486995,,Collectibles
1045486995,,Decorative 
1045486995,,Decorative by Brand
1045486995,,Enesco
1045486995,,Precious Moments
1045488593,,Collectibles
1045488593,,Decorative 
1045488593,,Decorative by Brand
1045488593,,Enesco
1045488593,,Lucy 
1045489344,,Collectibles
1045489344,,Pop Culture
1045489344,,Comics
1045489344,,Modern Age (1980-Now)
1045489344,,Other Modern Age
1045491776,,Collectibles
1045491776,,Advertising
1045491776,,Cars
1045491776,,European
1045491776,,Alfa Romeo
1045493359,,Collectibles
1045493359,,Housewares 
1045493359,,Kitchenware
1045493359,,Cookie Jars
1045493359,,Modern (1970-Now)
1045493882,,Collectibles
1045493882,,Pop Culture
1045493882,,Trading Cards
1045493882,,Science Fiction
1045493882,,Other Sci-Fi
1045493963,,Collectibles
1045493963,,Pop Culture
1045493963,,Comics
1045493963,,Modern Age (1980-Now)
1045493963,,Horror, Sci-Fi
1045494090,,Collectibles
1045494090,,Decorative 
1045494090,,Decorative by Brand
1045494090,,Fitz 
1045494090,,Other Fitz
1045494393,,Collectibles
1045494393,,Decorative 
1045494393,,Decorative by Brand
1045494393,,Charming Tails
1045495205,,Collectibles
1045495205,,Decorative 
1045495205,,Decorative by Brand
1045495205,,Avon
1045495205,,Other Avon Items
1045495328,,Collectibles
1045495328,,Housewares 
1045495328,,Kitchenware
1045495328,,Cookware
1045495328,,Other Cookware
1045504133,,Collectibles
1045504133,,Pop Culture
1045504133,,Comics
1045504133,,Bronze Age (1970-79)
1045504133,,Superhero
1045504875,,Collectibles
1045504875,,Pop Culture
1045504875,,Comics
1045504875,,Bronze Age (1970-79)
1045504875,,Horror, Sci-Fi
1045505212,,Collectibles
1045505212,,Pop Culture
1045505212,,Comics
1045505212,,Golden Age (1938-55)
1045505212,,War
1045508755,,Collectibles
1045508755,,Decorative 
1045508755,,Decorative by Brand
1045508755,,Hummel, Goebel
1045508755,,Figurines
1045510294,,Collectibles
1045510294,,Pop Culture
1045510294,,Comics
1045510294,,Silver Age (1956-69)
1045510294,,Superhero
1045512636,,Collectibles
1045512636,,Housewares 
1045512636,,Kitchenware
1045512636,,Tupperware
1045512636,,Contemporary (1970-Now)
1045516588,,Collectibles
1045516588,,Decorative 
1045516588,,Decorative by Brand
1045516588,,Lefton Figurines
1045516919,,Collectibles
1045516919,,Housewares 
1045516919,,Kitchenware
1045516919,,Tea Kettles
1045520156,,Collectibles
1045520156,,Housewares 
1045520156,,Bottles: Modern (1900-Now)
1045520156,,Milk
1045521656,,Collectibles
1045521656,,Housewares 
1045521656,,Kitchenware
1045521656,,Napkin Holders
1045522967,,Collectibles
1045522967,,Decorative 
1045522967,,Decorative by Brand
1045522967,,Dept 56
1045522967,,Dickens Village
1045523926,,Collectibles
1045523926,,Housewares 
1045523926,,Kitchenware
1045523926,,Utensils
1045523926,,Choppers
1045524027,,Collectibles
1045524027,,Decorative 
1045524027,,Decorative by Brand
1045524027,,David Winter
1045533758,,Collectibles
1045533758,,Decorative 
1045533758,,Decorative by Brand
1045533758,,Enesco
1045533758,,Other Enesco Items
1045535889,,Collectibles
1045535889,,Housewares 
1045535889,,Kitchenware
1045535889,,Salt, Pepper Shakers
1045535889,,Range Sets
1045541095,,Collectibles
1045541095,,Decorative 
1045541095,,Decorative by Brand
1045541095,,Enesco
1045541095,,Pretty as a Picture
1045543530,,Collectibles
1045543530,,Decorative 
1045543530,,Decorative by Brand
1045543530,,Enesco
1045543530,,Other Enesco Items
1045546047,,Collectibles
1045546047,,Housewares 
1045546047,,Kitchenware
1045546047,,Other Kitchenware
1045548723,,Collectibles
1045548723,,Decorative 
1045548723,,Decorative by Brand
1045548723,,Hummel, Goebel
1045548723,,Figurines
1045551724,,Collectibles
1045551724,,Decorative 
1045551724,,Decorative by Brand
1045551724,,Dept 56
1045551724,,Snowbabies
1045553108,,Collectibles
1045553108,,Decorative 
1045553108,,Decorative by Brand
1045553108,,Longaberger
1045553108,,Dinnerware, Serving
1045556104,,Collectibles
1045556104,,Housewares 
1045556104,,Bottles: Modern (1900-Now)
1045556104,,Milk
1045556364,,Collectibles
1045556364,,Decorative 
1045556364,,Decorative by Brand
1045556364,,Enesco
1045556364,,Precious Moments
1045557193,,Collectibles
1045557193,,Autographs, Paper 
1045557193,,Paper
1045557193,,Ephemera
1045558134,,Collectibles
1045558134,,Decorative 
1045558134,,Decorative by Brand
1045558134,,Lefton Figurines
1045560663,,Collectibles
1045560663,,Decorative 
1045560663,,Decorative by Brand
1045560663,,Dept 56
1045560663,,Other Dept 56 Items
1045562364,,Collectibles
1045562364,,Pop Culture
1045562364,,Comics
1045562364,,Bronze Age (1970-79)
1045562364,,Superhero
1045568348,,Collectibles
1045568348,,Housewares 
1045568348,,Kitchenware
1045568348,,Cookie Jars
1045568348,,Modern (1970-Now)
1045570474,,Collectibles
1045570474,,Housewares 
1045570474,,Barware
1045570474,,Decanters
1045570482,,Collectibles
1045570482,,Housewares 
1045570482,,Kitchenware
1045570482,,Cookie Jars
1045570482,,Modern (1970-Now)
1045570669,,Collectibles
1045570669,,Housewares 
1045570669,,Kitchenware
1045570669,,Cookie Cutters
1045573947,,Collectibles
1045573947,,Decorative 
1045573947,,Decorative by Brand
1045573947,,Dept 56
1045573947,,Snow Village
1045577527,,Collectibles
1045577527,,Housewares 
1045577527,,Kitchenware
1045577527,,Salt, Pepper Shakers
1045577527,,Other Shakers
1045577561,,Collectibles
1045577561,,Decorative 
1045577561,,Decorative by Brand
1045577561,,Hallmark
1045577561,,Ornaments
1045578379,,Collectibles
1045578379,,Housewares 
1045578379,,Kitchenware
1045578379,,Tupperware
1045578379,,Contemporary (1970-Now)
1045582030,,Collectibles
1045582030,,Decorative 
1045582030,,Decorative by Brand
1045582030,,Danbury Mint
1045582030,,Collector Plates
1045584095,,Collectibles
1045584095,,Pop Culture
1045584095,,Comics
1045584095,,Bronze Age (1970-79)
1045584095,,Superhero
1045584268,,Collectibles
1045584268,,Decorative 
1045584268,,Decorative by Brand
1045584268,,HOMCO
1045585905,,Collectibles
1045585905,,Decorative 
1045585905,,Decorative by Brand
1045585905,,Avon
1045585905,,Collector Plates
1045585978,,Collectibles
1045585978,,Housewares 
1045585978,,Kitchenware
1045585978,,Salt, Pepper Shakers
1045585978,,Souvenir
1045586641,,Collectibles
1045586641,,Pop Culture
1045586641,,Comics
1045586641,,Bronze Age (1970-79)
1045586641,,Superhero
1045588543,,Collectibles
1045588543,,Decorative 
1045588543,,Decorative by Brand
1045588543,,Knowles Collector Plates
1045590166,,Collectibles
1045590166,,Decorative 
1045590166,,Decorative by Brand
1045590166,,Hallmark
1045590166,,Series Ornaments
1045591004,,Collectibles
1045591004,,Housewares 
1045591004,,Kitchenware
1045591004,,Salt, Pepper Shakers
1045591004,,Range Sets
1045593599,,Clothing 
1045593599,,Men
1045593599,,Clothing: Regular
1045593599,,Shirts
1045593599,,Casual
1045593599,,Short Sleeve
1045594176,,Collectibles
1045594176,,Pop Culture
1045594176,,Trading Cards
1045594176,,Other Non-Sports
1045596448,,Collectibles
1045596448,,Decorative 
1045596448,,Decorative by Brand
1045596448,,Lenox
1045596448,,Other Lenox Collectibles
1045598437,,Collectibles
1045598437,,Pop Culture
1045598437,,Comics
1045598437,,Modern Age (1980-Now)
1045598437,,Superhero
1045599241,,Collectibles
1045599241,,Decorative 
1045599241,,Decorative by Brand
1045599241,,Christopher Radko
1045601612,,Collectibles
1045601612,,Decorative 
1045601612,,Decorative by Brand
1045601612,,Dept 56
1045601612,,Snow Village
1045602125,,Collectibles
1045602125,,Pop Culture
1045602125,,Comics
1045602125,,Silver Age (1956-69)
1045602125,,Superhero
1045602170,,Collectibles
1045602170,,Decorative 
1045602170,,Decorative by Brand
1045602170,,Hallmark
1045602170,,Series Ornaments
1045602986,,Collectibles
1045602986,,Decorative 
1045602986,,Decorative by Brand
1045602986,,Hummel, Goebel
1045602986,,Figurines
1045604603,,Collectibles
1045604603,,Pop Culture
1045604603,,Comics
1045604603,,Modern Age (1980-Now)
1045604603,,Alternative, Underground
1045606939,,Collectibles
1045606939,,Decorative 
1045606939,,Decorative by Brand
1045606939,,Hallmark
1045606939,,Miniature Ornaments
1045608236,,Collectibles
1045608236,,Pop Culture
1045608236,,Comics
1045608236,,Modern Age (1980-Now)
1045608236,,Cartoon Character
1045609290,,Collectibles
1045609290,,Decorative 
1045609290,,Decorative by Brand
1045609290,,Limoges
1045609290,,Collector Plates
1045609361,,Collectibles
1045609361,,Pop Culture
1045609361,,Comics
1045609361,,Silver Age (1956-69)
1045609361,,Superhero
1045612863,,Collectibles
1045612863,,Decorative 
1045612863,,Decorative by Brand
1045612863,,Enesco
1045612863,,Precious Moments
1045615794,,Collectibles
1045615794,,Decorative 
1045615794,,Decorative by Brand
1045615794,,Duncan Royale
1045615887,,Collectibles
1045615887,,Decorative 
1045615887,,Decorative by Brand
1045615887,,HOMCO
1045617280,,Collectibles
1045617280,,Pop Culture
1045617280,,Comics
1045617280,,Bronze Age (1970-79)
1045617280,,Other Bronze Age
1045618119,,Collectibles
1045618119,,Housewares 
1045618119,,Kitchenware
1045618119,,Other Kitchenware
1045632120,,Collectibles
1045632120,,Pop Culture
1045632120,,Comics
1045632120,,Golden Age (1938-55)
1045632120,,Crime
1045634599,,Collectibles
1045634599,,Housewares 
1045634599,,Irons
1045635023,,Collectibles
1045635023,,Decorative 
1045635023,,Decorative by Brand
1045635023,,Enesco
1045635023,,Precious Moments
1045641581,,Collectibles
1045641581,,Decorative 
1045641581,,Decorative by Brand
1045641581,,Duncan Royale
1045647851,,Collectibles
1045647851,,Decorative 
1045647851,,Decorative by Brand
1045647851,,Enesco
1045647851,,Other Enesco Items
1045648841,,Collectibles
1045648841,,Housewares 
1045648841,,Kitchenware
1045648841,,Canisters
1045652705,,Collectibles
1045652705,,Decorative 
1045652705,,Decorative by Brand
1045652705,,Enesco
1045652705,,Precious Moments
1045653591,,Collectibles
1045653591,,Decorative 
1045653591,,Decorative by Brand
1045653591,,Enesco
1045653591,,Memories of Yesterday
1045655459,,Collectibles
1045655459,,Decorative 
1045655459,,Decorative by Brand
1045655459,,Dept 56
1045655459,,Dickens Village
1045655586,,Collectibles
1045655586,,Housewares 
1045655586,,Kitchenware
1045655586,,Salt, Pepper Shakers
1045655586,,Other Shakers
1045655611,,Collectibles
1045655611,,Decorative 
1045655611,,Decorative by Brand
1045655611,,Dept 56
1045655611,,Dickens Village
1045657358,,Collectibles
1045657358,,Housewares 
1045657358,,Kitchenware
1045657358,,Salt, Pepper Shakers
1045657358,,Other Shakers
1045657408,,Collectibles
1045657408,,Housewares 
1045657408,,Kitchenware
1045657408,,Salt, Pepper Shakers
1045657408,,Other Shakers
1045657799,,Clothing 
1045657799,,Men
1045657799,,Accessories
1045657799,,Other Items
1045664346,,Collectibles
1045664346,,Pop Culture
1045664346,,Comics
1045664346,,Modern Age (1980-Now)
1045664346,,Alternative, Underground
1045671817,,Collectibles
1045671817,,Decorative 
1045671817,,Decorative by Brand
1045671817,,Enesco
1045671817,,Cherished Teddies
1045671883,,Collectibles
1045671883,,Decorative 
1045671883,,Decorative by Brand
1045671883,,Franklin Mint
1045671883,,Collector Plates
1045677283,,Collectibles
1045677283,,Decorative 
1045677283,,Decorative by Brand
1045677283,,Enesco
1045677283,,Precious Moments
1045677572,,Collectibles
1045677572,,Housewares 
1045677572,,Kitchenware
1045677572,,Utensils
1045677572,,Measuring Cups, Spoons
1045678297,,Collectibles
1045678297,,Decorative 
1045678297,,Decorative by Brand
1045678297,,Enesco
1045678297,,Other Enesco Items
1045678903,,Collectibles
1045678903,,Pop Culture
1045678903,,Trading Cards
1045678903,,Other Non-Sports
1045679123,,Collectibles
1045679123,,Housewares 
1045679123,,Barware
1045679123,,Other Barware
1045680516,,Collectibles
1045680516,,Decorative 
1045680516,,Decorative by Brand
1045680516,,Norman Rockwell
1045680516,,Collector Plates
1045680577,,Collectibles
1045680577,,Decorative 
1045680577,,Decorative by Brand
1045680577,,Josef
1045681492,,Collectibles
1045681492,,Decorative 
1045681492,,Decorative by Brand
1045681492,,Hamilton Collector Plates
1045681675,,Collectibles
1045681675,,Pop Culture
1045681675,,Comics
1045681675,,Modern Age (1980-Now)
1045681675,,Alternative, Underground
1045683252,,Collectibles
1045683252,,Decorative 
1045683252,,Decorative by Brand
1045683252,,Dept 56
1045683252,,Dickens Village
1045684594,,Collectibles
1045684594,,Housewares 
1045684594,,Barware
1045684594,,Other Barware
1045688690,,Collectibles
1045688690,,Pop Culture
1045688690,,Lunchboxes, Thermoses
1045688690,,Vintage Metal
1045689513,,Collectibles
1045689513,,Pop Culture
1045689513,,Comics
1045689513,,Modern Age (1980-Now)
1045689513,,Superhero
1045692163,,Collectibles
1045692163,,Housewares 
1045692163,,Kitchenware
1045692163,,Other Kitchenware
1045696657,,Collectibles
1045696657,,Housewares 
1045696657,,Kitchenware
1045696657,,Tupperware
1045696657,,Contemporary (1970-Now)
1045697315,,Collectibles
1045697315,,Decorative 
1045697315,,Decorative by Brand
1045697315,,Enesco
1045697315,,Precious Moments
1045698576,,Collectibles
1045698576,,Decorative 
1045698576,,Decorative by Brand
1045698576,,Hallmark
1045698576,,Ornaments
1045699221,,Collectibles
1045699221,,Housewares 
1045699221,,Barware
1045699221,,Pourers, Stoppers
1045699348,,Collectibles
1045699348,,Decorative 
1045699348,,Decorative by Brand
1045699348,,Longaberger
1045699348,,Baskets
1045700537,,Collectibles
1045700537,,Decorative 
1045700537,,Decorative by Brand
1045700537,,HOMCO
1045702702,,Movies 
1045702702,,Memorabilia
1045702702,,Other Memorabilia
1045703148,,Collectibles
1045703148,,Housewares 
1045703148,,Metalware
1045703148,,Pewter
1045704363,,Collectibles
1045704363,,Housewares 
1045704363,,Bottles: Antique (Pre-1900)
1045704363,,Fruit Jars
1045705706,,Collectibles
1045705706,,Housewares 
1045705706,,Kitchenware
1045705706,,Cookie Jars
1045705706,,Modern (1970-Now)
1045710634,,Collectibles
1045710634,,Housewares 
1045710634,,Kitchenware
1045710634,,Serving Trays
1045711485,,Collectibles
1045711485,,Decorative 
1045711485,,Decorative by Brand
1045711485,,Harbour Lights
1045716476,,Collectibles
1045716476,,Pop Culture
1045716476,,Comics
1045716476,,Silver Age (1956-69)
1045716476,,Superhero
1045719451,,Collectibles
1045719451,,Decorative 
1045719451,,Decorative by Brand
1045719451,,Avon
1045719451,,Ornaments
1045722461,,Collectibles
1045722461,,Housewares 
1045722461,,Barware
1045722461,,Other Barware
1045722507,,Collectibles
1045722507,,Housewares 
1045722507,,Barware
1045722507,,Other Barware
1045723239,,Clothing 
1045723239,,Men
1045723239,,Clothing: Regular
1045723239,,Underwear, Sleepwear
1045723239,,Robes, Sleepwear
1045723355,,Collectibles
1045723355,,Decorative 
1045723355,,Decorative by Brand
1045723355,,Longaberger
1045723355,,Liners
1045724030,,Collectibles
1045724030,,Housewares 
1045724030,,Magnets
1045724759,,Collectibles
1045724759,,Pop Culture
1045724759,,Trading Cards
1045724759,,Other Non-Sports
1045725925,,Collectibles
1045725925,,Housewares 
1045725925,,Metalware
1045725925,,Pewter
1045728189,,Collectibles
1045728189,,Pop Culture
1045728189,,Comics
1045728189,,Bronze Age (1970-79)
1045728189,,Other Bronze Age
1045728214,,Collectibles
1045728214,,Pop Culture
1045728214,,Comics
1045728214,,Bronze Age (1970-79)
1045728214,,Other Bronze Age
1045730799,,Collectibles
1045730799,,Pop Culture
1045730799,,Comics
1045730799,,Silver Age (1956-69)
1045730799,,Superhero
1045731418,,Collectibles
1045731418,,Pop Culture
1045731418,,Trading Cards
1045731418,,Science Fiction
1045731418,,Other Sci-Fi
1045732786,,Collectibles
1045732786,,Decorative 
1045732786,,Decorative by Brand
1045732786,,Hallmark
1045732786,,Ornaments
1045732931,,Collectibles
1045732931,,Advertising
1045732931,,Tobacciana
1045732931,,Cigarette
1045732931,,Other Cigarettes
1045738337,,Collectibles
1045738337,,Housewares 
1045738337,,Kitchenware
1045738337,,Cookware
1045738337,,Aluminum
1045739279,,Collectibles
1045739279,,Furnishings, Knives 
1045739279,,Clocks
1045739279,,Antique (Pre-1930)
1045739279,,Shelf
1045742100,,Collectibles
1045742100,,Pop Culture
1045742100,,Comics
1045742100,,Silver Age (1956-69)
1045742100,,Horror, Sci-Fi
1045743020,,Collectibles
1045743020,,Decorative 
1045743020,,Decorative by Brand
1045743020,,Enesco
1045743020,,Precious Moments
1045746374,,Collectibles
1045746374,,Housewares 
1045746374,,Metalware
1045746374,,Chrome
1045746742,,Collectibles
1045746742,,Housewares 
1045746742,,Bottles: Modern (1900-Now)
1045746742,,Milk
1045747129,,Collectibles
1045747129,,Decorative 
1045747129,,Decorative by Brand
1045747129,,Enesco
1045747129,,Precious Moments
1045747332,,Collectibles
1045747332,,Decorative 
1045747332,,Decorative by Brand
1045747332,,Knowles Collector Plates
1045748248,,Collectibles
1045748248,,Decorative 
1045748248,,Decorative by Brand
1045748248,,Hallmark
1045748248,,Series Ornaments
1045748611,,Collectibles
1045748611,,Housewares 
1045748611,,Kitchenware
1045748611,,Other Kitchenware
1045750612,,Collectibles
1045750612,,Decorative 
1045750612,,Decorative by Brand
1045750612,,Longaberger
1045750612,,Other Longaberger Items
1045754011,,Collectibles
1045754011,,Housewares 
1045754011,,Tableware
1045754011,,Flatware
1045754969,,Collectibles
1045754969,,Pop Culture
1045754969,,Comics
1045754969,,Golden Age (1938-55)
1045754969,,Superhero
1045756299,,Collectibles
1045756299,,Housewares 
1045756299,,Bottles: Antique (Pre-1900)
1045756299,,Inks
1045756410,,Collectibles
1045756410,,Pop Culture
1045756410,,Comics
1045756410,,Modern Age (1980-Now)
1045756410,,Superhero
1045756544,,Collectibles
1045756544,,Housewares 
1045756544,,Tableware
1045756544,,Pitchers
1045757105,,Collectibles
1045757105,,Pop Culture
1045757105,,Comics
1045757105,,Graphic Novels, TPBs
1045757611,,Collectibles
1045757611,,Decorative 
1045757611,,Decorative by Brand
1045757611,,Longaberger
1045757611,,Candle Holders
1045758137,,Clothing 
1045758137,,Men
1045758137,,Clothing: Regular
1045758137,,Outerwear
1045758137,,Jackets
1045758137,,Other Jackets
1045761123,,Collectibles
1045761123,,Housewares 
1045761123,,Bottles: Modern (1900-Now)
1045761123,,Fruit Jars
1045761545,,Collectibles
1045761545,,Decorative 
1045761545,,Decorative by Brand
1045761545,,Hummel, Goebel
1045761545,,Bells
1045764509,,Collectibles
1045764509,,Decorative 
1045764509,,Decorative by Brand
1045764509,,Dreamsicles
1045767117,,Collectibles
1045767117,,Autographs, Paper 
1045767117,,Paper
1045767117,,Ephemera
