,,,,,,
goldcoastvideo,,2919,,USA,,Los Angeles,CA
allyw1,,15,,USA,,New York
kaelo,,771,,USA,,Makawao - Maui
mimiyaya,,10,,USA,,Atlanta, Ga
betteb,,949,,USA,,ny
syl@inetdirect.net,,468,,USA,,Indianapolis, IN
ienstine,,844,,USA,,USA
forsale@market121.com,,3607,,USA,,FL
bon69,,722,,USA,,Tx
batenburg37,,469,,Netherlands,,_
circword@netscape.net,,693,,USA,,buffalo, n.y.
26mimom,,163,,USA,,Mount Vernon, VA
acolytal,,138,,USA,,X-ville
arlnwtkwsk@aol.com,,61,,USA,,ARCADE, NEW YORK
horst@cadvision.com,,610,,Canada,,Calgary, AB
aslkato@hotmail.com,,175,,USA,,Rochester N.Y.
en_rapture@hotmail.com,,197,,USA,,Greenville TX
grucrew,,3,,USA,,New Baltimore, MI
pink_flamingo_creations,,21,,USA,,EASTERN WA
maureendietz,,385,,USA,,Former Tupperware Lady cleans in Iowa !
mirabonita,,147,,USA,,Land of Enchantment
anjin549,,48,,USA,,Landing, NJ
nanasfinds,,2,,USA,,Nana's Finds
kingcutie,,3783,,USA,,Evanston, IL
nipper07410,,221,,USA,,Northern NJ
annie297,,0,,USA,,Ponca City , OK
sales@devildogdirect.com,,297,,USA,,San Diego, CA
best_ma,,787,,USA,,NH ~ Smoke Free and Pet Free Home
navionnani,,83,,USA,,Midwest
eileena25,,0,,USA,,Via Registered Air Mail From Hong Kong
mikewwf1,,352,,USA,,Boston, MA
4allkids,,10,,USA,,New York, NY
geminipix,,607,,USA,,Columbus, OH
imajean13@aol.com,,1169,,USA,,Yorba linda,ca.92887
fuzzycats,,778,,USA,,BLAIRSVILLE, PA 15717
rjd2163@aol.com,,381,,USA,,daly city ca
www.denimdealer.com,,1086,,USA,,www.denimdealer.com
collectors-source,,48,,USA,,Florida
ruthwang@aol.com,,180,,USA,,Coach Crazee!!
troubles52,,771,,USA,,MIDWEST
cjswholesale,,6556,,USA,,Fort Payne, AL 35967
mikeward,,6148,,USA,,Los Angeles, CA
miclo,,1580,,USA,,AZ
blrtiste@aol.com,,2010,,USA,,St. Petersburg, FLORIDA
cpcoll@sprintmail.com,,674,,USA,,Richmond
ourbabyroo,,633,,USA,,Smoky Mountains ~ U.S.A.
superguido,,73,,USA,,Brooklyn, NY
hobbs71,,100,,USA,,Eielson AFB, AK.
david23232,,388,,USA,,New England
jackiebrown,,89,,USA,,PA
costel-m,,162,,USA,,Bothell, WA
stauts2go@aol.com,,23,,USA,,Longview/Gilmer Area
lbarger26,,1093,,USA,,harrisburg,Il
milhar2,,963,,USA,,Burlington NC
billboard99,,2121,,USA,,New York area
tupperlee1,,536,,USA,,TupperUSA
bpol4auto,,956,,USA,,Chicago, IL
shari@duodesign.com,,2,,USA,,Deerfield, IL
amazgrace,,2068,,USA,,cincinnati
tswee10305@aol.com,,4238,,USA,,Holden, MA
captnjaq,,22,,USA,,Chapel Hill NC
yuccajunction,,611,,USA,,Fresno, CA
softcentre,,218,,United Kingdom,,Wickford, Essex
axelman001,,554,,USA,,Smoke and Pet Free HOME
amaritz,,189,,United Kingdom,,West Midlands
lkstinson@hotmail.com,,185,,USA,,MADISON GA
eileenrosehardin@aol.com,,0,,USA,,Redmond, Washington
pam41449,,47,,USA,,Council Bluffs, IA
dizzybychoice,,58,,USA,,Orlando
choclabs2,,30,,USA,,Hampton Falls, NH
xknowlesx@aol.com,,4889,,USA,,Boulder, CO
carrie_james,,8,,USA,,L.A., CA
ittsallmine,,156,,USA,,arkansas
lucky@uvsc.com,,236,,USA,,Hawaii
queenofthesilverdollar,,7,,USA,,Flint,Mich
dalitho,,1040,,USA,,On The Coast...............
celines1fan,,159,,USA,,God Bless the USA!!
harval1,,1053,,USA,,granada hills,ca.
twokirbys,,34,,USA,,Smokefree in PA
hmcpainting,,0,,USA,,Windsor ,VT
ttlock,,55,,USA,,Kokomo
ssvegeta@bellsouth.net,,266,,USA,,The Enchanted Closet
petaupair,,853,,USA,,Laguna
sussberg,,1390,,USA,,Bakersfield, CA
dvbrooks@charter.net,,364,,USA,,WE WILL OVER COME
maiscsuper,,0,,France,,Paris
buythebookri,,876,,USA,,Newport County, RI
penniecoffin@sympatico.ca,,437,,Canada,,Canada
3465346,,151,,USA,,COTTAGE GROVE
traceymom3,,252,,USA,,Calimes, CA
achmond,,725,,USA,,Wichita, Kansas
smogcity,,119,,USA,,Sunny Pasadena California!!
cybermall,,1519,,USA,,The Cybermall Collectible Shops
auctionpro2001,,631,,USA,,Wilmington, NC
sek@g2a.net,,182,,USA,,WI
showmethegoods,,693,,USA,,the first rule is......
chosentreasures1,,0,,USA,,SC
fashionsyoung,,733,,USA,,playa dle rey, ca
fantazea,,535,,United Kingdom,,someset
wayne9@webtv.net,,4190,,USA,,dallas tx
azurgoddess,,109,,USA,,CINCINNATI ,OH
plcarlson81,,70,,USA,,MIDWEST ...ND...God Bless AMERICA
pringle-sd,,102,,USA,,Pringle, SD
go!kings!go!,,16,,USA,,Southern California
macko02,,1713,,USA,,North Haven, Ct.
rightfielder,,843,,USA,,Texas
snippy33@yahoo.com,,147,,USA,,Los Angeles
advantageousdesire,,357,,USA,,DESIGNER
flfields@isoc.net,,9,,USA,,Mount Orab, Ohio
gunnydogrott,,12,,USA,,Peebles, OHIO
cybrcell@aol.com,,482,,United Kingdom,,Fife, Scotland
tntpovletich,,49,,USA,,Brew City, USA
msteelcurtian@aol.com,,616,,USA,,NJ
robinkraner@hotmail.com,,420,,USA,,Ohio City
runwaydreamz,,322,,USA,,Last One Available... So Bid Now!!
athenea,,138,,USA,,Houston Metro
freedom.in.christ,,199,,USA,,HURRY...LESS THAN 2 WEEKS 'TIL CHRISTMAS!!!!
ofshirin,,101,,Germany,,10779
angels1804,,5905,,USA,,LOS ANGELES
bear4800@aol.com,,78,,USA,,PALM HARBOR
jesseashly,,194,,USA,,Ocala, Fl
goldeneagle47,,329,,USA,,BY THE BIG BLUE WATER
dzimmer1@rochester.rr.com,,47,,USA,,upstate
beavers,,265,,USA,,SEATTLE
swedemom,,11185,,USA,,McMinnville, OR.
bargainflea,,270,,USA,,The windy city
python2965,,906,,USA,,MN
lilltut,,97,,USA,,Denver, CO
mcales@linkline.com,,2179,,USA,,Nuevo Calif.
shandanne@aol.com,,445,,USA,,Check out my Other Auctions!!!
mfldvp,,257,,USA,,Armonk, NY
heartbreaker42,,88,,USA,,Sunny Californi@ **Pay Pal **only
suzyq270506,,14,,USA,,Louisiana
hellfiress,,47,,USA,,Rochester
etoybugs,,11853,,USA,,eToyBugs
eyecucme,,603,,USA,,Atlanta, Georgia
dosead69,,62,,USA,,dose
karmyn2,,278,,USA,,North Central Texas
fububalla@aol.com,,47,,USA,,LA
feg2001,,287,,USA,,Pike, NY
cweed1@twcny.rr.com,,678,,USA,,Nice group of books from Central NY!
tanner101,,260,,USA,,Michigan
dwlfwdbk@gwi.net,,3859,,USA,,ALFRED, MAINE 04002
tarheeljane,,1442,,USA,,CHECK OUT MY OTHER AUCTIONS!
ebabie48,,5333,,USA,,Woodward, OK
click.s,,287,,USA,,NYC
sueh333@aol.com,,442,,USA,,North Carolina
medman83@aol.com,,612,,USA,,New York
lennonma@aol.com,,211,,USA,,South Bristol
zicobra,,1034,,USA,,Nebraska
candlevalley,,39,,USA,,US
earthly-treasures,,1760,,USA,,Lakewood, Colorado
fashionbrigade,,1453,,USA,,UT
surplustexas,,882,,USA,,DALLAS, TEXAS
dbhawes,,740,,USA,,Augusta, Maine
frsenes,,547,,USA,,Goffstown NH
delicatedesigns,,2,,USA,,Amherst
catann1,,1097,,USA,,Longmont, Colorado
oldtoyjoy,,569,,USA,,Tigard,Oregon #97223
bluejkcm,,37,,USA,,Centerton, AR
cheapguy69,,42,,USA,,Portland, Oregon
thatweezel,,49,,USA,,Wilsonville,OR
jackcorn,,110,,USA,,CLEMENTON ,NEW JERSEY
wolffmd@att.net,,266,,USA,,Vernon Hills, Illinois USA
Calvin,,245,,,,
taxfreedom,,89,,Canada,,Thanks for looking at my auction, good luck!
heartofireland,,0,,USA,,Tennessee
csh1970,,170,,USA,,Kilmarnock
vassiliansdepot.com,,1133,,USA,,Golden State CA
lefty2004,,141,,USA,,Southern Indiana
dr.mat,,619,,USA,,Tennessee
alybrymom,,168,,USA,,Sunshine State
jc*s,,692,,USA,,Cali
marimari3,,36,,Japan,,OKAYAMA
mmllc,,3087,,USA,,Jefferson, LA
bowen001@earthlink.net,,526,,USA,,Brooklyn, NY
supersacredsecretwarsroach,,175,,USA,,Houston
c240benz,,0,,Canada,,on
pwood@cybertrails.com,,206,,USA,,Pinetop, AZ
edwingoh888@hotmail.com,,1123,,Singapore,,Singapore
ladypatches,,112,,USA,,Land of the Free, Home of the Brave
averypooh,,66,,USA,,Houston, TX
bumd2b,,158,,USA,,Long Beach, CA
mindsweepers,,-2,,USA,,detroit
grubsak@aol.com,,2637,,USA,,Akron, Ohio
